datetime,pid1.pv,pid1.mv,pid1.sv,pid1.kp,pid1.Ti,pid1.Td[bool]
2025-03-12 20:28:05,0,31.5,0.25,120,2,0
2025-03-12 20:28:10,0.0,33.0,0.25,120,2,0
2025-03-12 20:28:15,0.020053522829578813,31.973256123473067,0.25,120,2,0
2025-03-12 20:28:20,0.039065357386018,30.95744383238426,0.25,120,2,0
2025-03-12 20:28:25,0.05663343033520109,30.009474496471082,0.25,120,2,0
2025-03-12 20:28:30,0.0729862148228797,29.10922306901237,0.25,120,2,0
2025-03-12 20:28:35,0.08828176003728583,28.24406708305992,0.25,120,2,0
2025-03-12 20:28:40,0.10262402817184632,27.407250737881583,0.25,120,2,0
2025-03-12 20:28:45,0.11608802944428374,26.59504240852339,0.25,120,2,0
2025-03-12 20:28:50,0.12873213391674682,25.80535706832734,0.25,120,2,0
2025-03-12 20:28:55,0.1406043149769683,25.037069451238953,0.25,120,2,0
2025-03-12 20:29:00,0.1517456416036538,24.289636406414772,0.25,120,2,0
2025-03-12 20:29:05,0.1621923909127404,23.562872143847937,0.25,120,2,0
2025-03-12 20:29:10,0.17197739904252585,22.856806774018526,0.25,120,2,0
2025-03-12 20:29:15,0.18113095941125965,22.171593773302913,0.25,120,2,0
2025-03-12 20:29:20,0.1896814366451032,21.507447885371064,0.25,120,2,0
2025-03-12 20:29:25,0.19765569415387746,20.86460281939489,0.25,120,2,0
2025-03-12 20:29:30,0.20507939548680554,20.24328228652269,0.25,120,2,0
2025-03-12 20:29:35,0.2119772179842859,19.64368027891933,0.25,120,2,0
2025-03-12 20:29:40,0.21837300427938697,19.06594789783088,0.25,120,2,0
2025-03-12 20:29:45,0.22428986910732773,18.51018490383402,0.25,120,2,0
2025-03-12 20:29:50,0.2297502736477682,17.976434717094556,0.25,120,2,0
2025-03-12 20:29:55,0.23477607613944046,17.46468196125724,0.25,120,2,0
2025-03-12 20:30:00,0.23938856512477727,16.97485189226816,0.25,120,2,0
2025-03-12 20:30:05,0.24360848001706106,16.506811225091738,0.25,120,2,0
2025-03-12 20:30:10,0.24745602249499096,16.060369992770205,0.25,120,2,0
2025-03-12 20:30:15,0.25095086136732714,15.635284159885902,0.25,120,2,0
2025-03-12 20:30:20,0.2541121329142972,15.231258776763712,0.25,120,2,0
2025-03-12 20:30:25,0.2569584382367163,14.847951508653118,0.25,120,2,0
2025-03-12 20:30:30,0.2595078387834344,14.48497641034634,0.25,120,2,0
2025-03-12 20:30:35,0.26177785095175027,14.141907844437936,0.25,120,2,0
2025-03-12 20:30:40,0.26378544044202096,13.81828446295333,0.25,120,2,0
2025-03-12 20:30:45,0.2655470168812653,13.513613188956414,0.25,120,2,0
2025-03-12 20:30:50,0.2670784290998467,13.227373148127569,0.25,120,2,0
2025-03-12 20:30:55,0.2683949613420576,12.959019511009915,0.25,120,2,0
2025-03-12 20:31:00,0.269511330609481,12.707987215262216,0.25,120,2,0
2025-03-12 20:31:05,0.27044168527076706,12.47369454428329,0.25,120,2,0
2025-03-12 20:31:10,0.27119960501944573,12.255546544325174,0.25,120,2,0
2025-03-12 20:31:15,0.2717981022199174,12.05293826694907,0.25,120,2,0
2025-03-12 20:31:20,0.27224962464875363,11.865257827596201,0.25,120,2,0
2025-03-12 20:31:25,0.2725660596122819,11.691889274299115,0.25,120,2,0
2025-03-12 20:31:30,0.2727587394008433,11.532215263266693,0.25,120,2,0
2025-03-12 20:31:35,0.27283844802409357,11.385619540332094,0.25,120,2,0
2025-03-12 20:31:40,0.27281542915945023,11.251489229132595,0.25,120,2,0
2025-03-12 20:31:45,0.27269939523661785,11.129216928452774,0.25,120,2,0
2025-03-12 20:31:50,0.27249953757452106,11.018202622457263,0.25,120,2,0
2025-03-12 20:31:55,0.2722245374824985,10.917855408604984,0.25,120,2,0
2025-03-12 20:32:00,0.2718825782349067,10.827595048906556,0.25,120,2,0
2025-03-12 20:32:05,0.271481357827048,10.74685335088731,0.25,120,2,0
2025-03-12 20:32:10,0.2710281024203221,10.675075385172486,0.25,120,2,0
2025-03-12 20:32:15,0.2705295803854984,10.611720547038338,0.25,120,2,0
2025-03-12 20:32:20,0.26999211685483643,10.556263469588758,0.25,120,2,0
2025-03-12 20:32:25,0.2694216086962913,10.508194796436428,0.25,120,2,0
2025-03-12 20:32:30,0.26882353982610735,10.467021821901856,0.25,120,2,0
2025-03-12 20:32:35,0.26820299677960635,10.432269006804336,0.25,120,2,0
2025-03-12 20:32:40,0.2675646844638293,10.403478377914606,0.25,120,2,0
2025-03-12 20:32:45,0.26691294201980365,10.380209819078864,0.25,120,2,0
2025-03-12 20:32:50,0.2662517587265144,10.362041261914488,0.25,120,2,0
2025-03-12 20:32:55,0.2655847898830914,10.348568783826696,0.25,120,2,0
2025-03-12 20:33:00,0.26491537261023407,10.339406620908175,0.25,120,2,0
2025-03-12 20:33:05,0.2642465415164331,10.334187103065691,0.25,120,2,0
2025-03-12 20:33:10,0.26358104417907224,10.332560518474562,0.25,120,2,0
2025-03-12 20:33:15,0.26292135639496866,10.334194914197179,0.25,120,2,0
2025-03-12 20:33:20,0.26226969715930876,10.338775839520515,0.25,120,2,0
2025-03-12 20:33:25,0.2616280433362273,10.346006038272925,0.25,120,2,0
2025-03-12 20:33:30,0.2609981439884439,10.355605096076271,0.25,120,2,0
2025-03-12 20:33:35,0.2603815343373903,10.367309048178361,0.25,120,2,0
2025-03-12 20:33:40,0.2597795493291209,10.380869953195965,0.25,120,2,0
2025-03-12 20:33:45,0.2591933367849846,10.396055437782417,0.25,120,2,0
2025-03-12 20:33:50,0.2586238701195387,10.41264821691869,0.25,120,2,0
2025-03-12 20:33:55,0.25807196061149756,10.43044559421464,0.25,120,2,0
2025-03-12 20:34:00,0.25753826921662604,10.44925894629947,0.25,120,2,0
2025-03-12 20:34:05,0.25702331791440586,10.468913195079455,0.25,120,2,0
2025-03-12 20:34:10,0.25652750058302176,10.489246271347415,0.25,120,2,0
2025-03-12 20:34:15,0.2560510933997338,10.510108572943567,0.25,120,2,0
2025-03-12 20:34:20,0.2555942647660235,10.531362420392666,0.25,120,2,0
2025-03-12 20:34:25,0.25515708475902976,10.552881512677732,0.25,120,2,0
2025-03-12 20:34:30,0.25473953411272704,10.574550385557696,0.25,120,2,0
2025-03-12 20:34:35,0.25434151273405115,10.596263874594497,0.25,120,2,0
2025-03-12 20:34:40,0.25396284776075223,10.617926584825854,0.25,120,2,0
2025-03-12 20:34:45,0.25360330116915536,10.639452368802546,0.25,120,2,0
2025-03-12 20:34:50,0.2532625769412476,10.660763814503992,0.25,120,2,0
2025-03-12 20:34:55,0.2529403278015908,10.68179174445326,0.25,120,2,0
2025-03-12 20:35:00,0.2526361615354912,10.702474727172273,0.25,120,2,0
2025-03-12 20:35:05,0.2523496469006495,10.722758601949376,0.25,120,2,0
2025-03-12 20:35:10,0.25208031914517653,10.742596017735073,0.25,120,2,0
2025-03-12 20:35:15,0.2518276851453961,10.761945986836349,0.25,120,2,0
2025-03-12 20:35:20,0.2515912281772817,10.780773453946386,0.25,120,2,0
2025-03-12 20:35:25,0.2513704123356916,10.79904888092305,0.25,120,2,0
2025-03-12 20:35:30,0.2511646866157873,10.816747847616842,0.25,120,2,0
2025-03-12 20:35:35,0.25097348867115293,10.833850668946047,0.25,120,2,0
2025-03-12 20:35:40,0.2507962482631831,10.850342028323329,0.25,120,2,0
2025-03-12 20:35:45,0.25063239041628393,10.866210627453524,0.25,120,2,0
2025-03-12 20:35:50,0.25048133829334396,10.881448852446258,0.25,120,2,0
2025-03-12 20:35:55,0.250342515805782,10.896052456119001,0.25,120,2,0
2025-03-12 20:36:00,0.2502153499722793,10.91002025630565,0.25,120,2,0
2025-03-12 20:36:05,0.25009927304005614,10.923353849932091,0.25,120,2,0
2025-03-12 20:36:10,0.24999372438226572,10.936057342573347,0.25,120,2,0
2025-03-12 20:36:15,0.24989815218475564,10.948137093166023,0.25,120,2,0
2025-03-12 20:36:20,0.2498120149350961,10.95960147351459,0.25,120,2,0
2025-03-12 20:36:25,0.24973478272639674,10.970460642200134,0.25,120,2,0
2025-03-12 20:36:30,0.2496659383880366,10.98072633247513,0.25,120,2,0
2025-03-12 20:36:35,0.24960497845501886,10.990411653707149,0.25,120,2,0
2025-03-12 20:36:40,0.2495514139872343,10.99953090591789,0.25,120,2,0
2025-03-12 20:36:45,0.249504771249483,11.008099406951146,0.25,120,2,0
2025-03-12 20:36:50,0.24946459226266107,11.016133331793812,0.25,120,2,0
2025-03-12 20:36:55,0.2494304352360736,11.023649563567865,0.25,120,2,0
2025-03-12 20:37:00,0.24940187489038967,11.0306655557076,0.25,120,2,0
2025-03-12 20:37:05,0.24937850268030892,11.037199204835439,0.25,120,2,0
2025-03-12 20:37:10,0.24935992692556813,11.043268733850924,0.25,120,2,0
2025-03-12 20:37:15,0.24934577285847945,11.048892584750687,0.25,120,2,0
2025-03-12 20:37:20,0.2493356825957612,11.054089320702312,0.25,120,2,0
2025-03-12 20:37:25,0.24932931504200057,11.058877536901585,0.25,120,2,0
2025-03-12 20:37:30,0.24932634573167373,11.063275779750763,0.25,120,2,0
2025-03-12 20:37:35,0.2493264666162461,11.067302473904599,0.25,120,2,0
2025-03-12 20:37:40,0.24932938580248315,11.070975856741256,0.25,120,2,0
2025-03-12 20:37:45,0.24933482724772127,11.074313919826356,0.25,120,2,0
2025-03-12 20:37:50,0.24934253041748022,11.077334356950399,0.25,120,2,0
2025-03-12 20:37:55,0.24935224991044208,11.080054518332325,0.25,120,2,0
2025-03-12 20:38:00,0.24936375505547909,11.08249137059501,0.25,120,2,0
2025-03-12 20:38:05,0.24937682948508286,11.08466146213206,0.25,120,2,0
2025-03-12 20:38:10,0.24939127068923064,11.086580893498942,0.25,120,2,0
2025-03-12 20:38:15,0.2494068895534213,11.088265292475535,0.25,120,2,0
2025-03-12 20:38:20,0.24942350988432396,11.089729793461272,0.25,120,2,0
2025-03-12 20:38:25,0.24944096792620574,11.090989020878222,0.25,120,2,0
2025-03-12 20:38:30,0.24945911187104156,11.092057076271676,0.25,120,2,0
2025-03-12 20:38:35,0.2494778013649591,11.092947528811816,0.25,120,2,0
2025-03-12 20:38:40,0.24949690701343444,11.093673408914169,0.25,120,2,0
2025-03-12 20:38:45,0.24951630988742898,11.094247204710248,0.25,120,2,0
2025-03-12 20:38:50,0.24953590103244636,11.094680861113485,0.25,120,2,0
2025-03-12 20:38:55,0.2495555809822868,11.094985781238911,0.25,120,2,0
2025-03-12 20:39:00,0.2495752592790889,11.095172829948126,0.25,120,2,0
2025-03-12 20:39:05,0.24959485400106995,11.09525233930398,0.25,120,2,0
2025-03-12 20:39:10,0.24961429129921123,11.095234115731762,0.25,120,2,0
2025-03-12 20:39:15,0.24963350494397782,11.095127448695903,0.25,120,2,0
2025-03-12 20:39:20,0.2496524358830181,11.094941120712962,0.25,120,2,0
2025-03-12 20:39:25,0.2496710318106517,11.09468341853302,0.25,120,2,0
2025-03-12 20:39:30,0.24968924674982976,11.094362145332676,0.25,120,2,0
2025-03-12 20:39:35,0.24970704064713367,11.093984633773406,0.25,120,2,0
2025-03-12 20:39:40,0.2497243789812712,11.093557759789274,0.25,120,2,0
2025-03-12 20:39:45,0.24974123238542834,11.093087956977847,0.25,120,2,0
2025-03-12 20:39:50,0.2497575762837444,11.092581231477453,0.25,120,2,0
2025-03-12 20:39:55,0.249773390542093,11.092043177223063,0.25,120,2,0
2025-03-12 20:40:00,0.2497886591332751,11.09147899148156,0.25,120,2,0
2025-03-12 20:40:05,0.24980336981666,11.090893490575414,0.25,120,2,0
2025-03-12 20:40:10,0.2498175138322465,11.090291125711552,0.25,120,2,0
2025-03-12 20:40:15,0.2498310856090595,11.089675998839637,0.25,120,2,0
2025-03-12 20:40:20,0.24984408248774462,11.089051878470954,0.25,120,2,0
2025-03-12 20:40:25,0.2498565044571786,11.088422215395804,0.25,120,2,0
2025-03-12 20:40:30,0.24986835390487078,11.08779015824352,0.25,120,2,0
2025-03-12 20:40:35,0.24987963538089555,11.087158568835175,0.25,120,2,0
2025-03-12 20:40:40,0.2498903553750637,11.086530037284613,0.25,120,2,0
2025-03-12 20:40:45,0.24990052210701294,11.085906896808629,0.25,120,2,0
2025-03-12 20:40:50,0.2499101453288741,11.085291238212045,0.25,120,2,0
2025-03-12 20:40:55,0.24991923614015008,11.084684924018028,0.25,120,2,0
2025-03-12 20:41:00,0.24992780681442733,11.08408960221819,0.25,120,2,0
2025-03-12 20:41:05,0.24993587063752679,11.083506719621097,0.25,120,2,0
2025-03-12 20:41:10,0.24994344175669034,11.082937534781328,0.25,120,2,0
2025-03-12 20:41:15,0.24995053504039105,11.082383130494895,0.25,120,2,0
2025-03-12 20:41:20,0.2499571659483502,11.081844425849694,0.25,120,2,0
2025-03-12 20:41:25,0.24996335041134057,11.081322187822808,0.25,120,2,0
2025-03-12 20:41:30,0.2499691047203546,11.080817042418996,0.25,120,2,0
2025-03-12 20:41:35,0.24997444542471706,11.080329485347201,0.25,120,2,0
2025-03-12 20:41:40,0.24997938923872326,11.079859892234117,0.25,120,2,0
2025-03-12 20:41:45,0.24998395295638898,11.079408528375899,0.25,120,2,0
2025-03-12 20:41:50,0.24998815337390276,11.078975558030828,0.25,120,2,0
2025-03-12 20:41:55,0.24999200721937792,11.078561053257543,0.25,120,2,0
2025-03-12 20:42:00,0.2499955310895091,11.078165002304747,0.25,120,2,0
2025-03-12 20:42:05,0.24999874139274686,11.077787317559734,0.25,120,2,0
2025-03-12 20:42:10,0.25000165429861304,11.077427843064113,0.25,120,2,0
2025-03-12 20:42:15,0.25000428569278893,11.077086361606272,0.25,120,2,0
2025-03-12 20:42:20,0.2500066511376202,11.076762601400796,0.25,120,2,0
2025-03-12 20:42:25,0.2500087658376925,11.076456242365971,0.25,120,2,0
2025-03-12 20:42:30,0.2500106446101428,11.07616692201108,0.25,120,2,0
2025-03-12 20:42:35,0.25001230185938506,11.075894240945694,0.25,120,2,0
2025-03-12 20:42:40,0.250013751555939,11.075637768023585,0.25,120,2,0
2025-03-12 20:42:45,0.25001500721906333,11.075397045134288,0.25,120,2,0
2025-03-12 20:42:50,0.2500160819029077,11.075171591655518,0.25,120,2,0
2025-03-12 20:42:55,0.25001698818590967,11.074960908579822,0.25,120,2,0
2025-03-12 20:43:00,0.25001773816317485,11.074764482328952,0.25,120,2,0
2025-03-12 20:43:05,0.25001834344159046,11.074581788269537,0.25,120,2,0
2025-03-12 20:43:10,0.25001881513743607,11.074412293943446,0.25,120,2,0
2025-03-12 20:43:15,0.2500191638762652,11.074255462026358,0.25,120,2,0
2025-03-12 20:43:20,0.25001939979484494,11.074110753027721,0.25,120,2,0
2025-03-12 20:43:25,0.25001953254495085,11.073977627745306,0.25,120,2,0
2025-03-12 20:43:30,0.2500195712988273,11.073855549487169,0.25,120,2,0
2025-03-12 20:43:35,0.250019524756133,11.073743986073687,0.25,120,2,0
2025-03-12 20:43:40,0.25001940115220267,11.073642411632111,0.25,120,2,0
2025-03-12 20:43:45,0.2500192082674669,11.073550308195603,0.25,120,2,0
2025-03-12 20:43:50,0.25001895343788094,11.07346716711863,0.25,120,2,0
2025-03-12 20:43:55,0.2500186435662251,11.07339249031998,0.25,120,2,0
2025-03-12 20:44:00,0.25001828513414587,11.073325791364613,0.25,120,2,0
2025-03-12 20:44:05,0.250017884214819,11.073266596394921,0.25,120,2,0
2025-03-12 20:44:10,0.25001744648612284,11.073214444921726,0.25,120,2,0
2025-03-12 20:44:15,0.25001697724421823,11.07316889048497,0.25,120,2,0
2025-03-12 20:44:20,0.25001648141744093,11.073129501193602,0.25,120,2,0
2025-03-12 20:44:25,0.2500159635804185,11.073095860153781,0.25,120,2,0
2025-03-12 20:44:30,0.2500154279683319,11.07306756579418,0.25,120,2,0
2025-03-12 20:44:35,0.2500148784912488,11.07304423209666,0.25,120,2,0
2025-03-12 20:44:40,0.2500143187484615,11.073025488740374,0.25,120,2,0
2025-03-12 20:44:45,0.2500137520427697,11.073010981166766,0.25,120,2,0
2025-03-12 20:44:50,0.2500131813946542,11.073000370572698,0.25,120,2,0
2025-03-12 20:44:55,0.25001260955629134,11.072993333838497,0.25,120,2,0
2025-03-12 20:45:00,0.25001203902536573,11.072989563397377,0.25,120,2,0
2025-03-12 20:45:05,0.2500114720586429,11.07298876705226,0.25,120,2,0
2025-03-12 20:45:10,0.2500109106852669,11.07299066774578,0.25,120,2,0
2025-03-12 20:45:15,0.2500103567197542,11.072995003288776,0.25,120,2,0
2025-03-12 20:45:20,0.25000981177465775,11.073001526052401,0.25,120,2,0
2025-03-12 20:45:25,0.2500092772728799,11.073010002628463,0.25,120,2,0
2025-03-12 20:45:30,0.2500087544596155,11.073020213462497,0.25,120,2,0
2025-03-12 20:45:35,0.2500082444139104,11.07303195246365,0.25,120,2,0
2025-03-12 20:45:40,0.25000774805982373,11.073045026595107,0.25,120,2,0
2025-03-12 20:45:45,0.250007266177184,11.07305925544877,0.25,120,2,0
2025-03-12 20:45:50,0.25000679941193327,11.073074470807258,0.25,120,2,0
2025-03-12 20:45:55,0.25000634828605434,11.073090516196405,0.25,120,2,0
2025-03-12 20:46:00,0.2500059132070794,11.073107246430924,0.25,120,2,0
2025-03-12 20:46:05,0.2500054944771795,11.07312452715583,0.25,120,2,0
2025-03-12 20:46:10,0.2500050923018371,11.073142234385896,0.25,120,2,0
2025-03-12 20:46:15,0.25000470679810377,11.073160254045273,0.25,120,2,0
2025-03-12 20:46:20,0.2500043380024487,11.073178481509188,0.25,120,2,0
2025-03-12 20:46:25,0.25000398587820355,11.073196821149386,0.25,120,2,0
2025-03-12 20:46:30,0.25000365032261007,11.073215185884944,0.25,120,2,0
2025-03-12 20:46:35,0.25000333117347967,11.073233496739714,0.25,120,2,0
2025-03-12 20:46:40,0.2500030282154725,11.07325168240774,0.25,120,2,0
2025-03-12 20:46:45,0.25000274118600657,11.073269678827613,0.25,120,2,0
2025-03-12 20:46:50,0.2500024697808071,11.073287428766708,0.25,120,2,0
2025-03-12 20:46:55,0.250002213659106,11.073304881416199,0.25,120,2,0
2025-03-12 20:47:00,0.2500019724485042,11.073321991997393,0.25,120,2,0
2025-03-12 20:47:05,0.2500017457495068,11.07333872138004,0.25,120,2,0
2025-03-12 20:47:10,0.25000153313974427,11.073355035713076,0.25,120,2,0
2025-03-12 20:47:15,0.25000133417789083,11.073370906068144,0.25,120,2,0
2025-03-12 20:47:20,0.25000114840729265,11.07338630809617,0.25,120,2,0
2025-03-12 20:47:25,0.2500009753593177,11.073401221697258,0.25,120,2,0
2025-03-12 20:47:30,0.25000081455644013,11.073415630703925,0.25,120,2,0
2025-03-12 20:47:35,0.25000066551507066,11.073429522577838,0.25,120,2,0
2025-03-12 20:47:40,0.2500005277481457,11.07344288811996,0.25,120,2,0
2025-03-12 20:47:45,0.2500004007674865,11.073455721194149,0.25,120,2,0
2025-03-12 20:47:50,0.250000284085941,11.07346801846396,0.25,120,2,0
2025-03-12 20:47:55,0.2500001772193191,11.07347977914267,0.25,120,2,0
2025-03-12 20:48:00,0.2500000796881334,11.073491004756153,0.25,120,2,0
2025-03-12 20:48:05,0.24999999101915601,11.073501698918506,0.25,120,2,0
2025-03-12 20:48:10,0.2499999107468025,11.073511867120112,0.25,120,2,0
2025-03-12 20:48:15,0.24999983841435372,11.073521516527844,0.25,120,2,0
2025-03-12 20:48:20,0.24999977357502515,11.073530655797123,0.25,120,2,0
2025-03-12 20:48:25,0.2499997157928942,11.07353929489547,0.25,120,2,0
2025-03-12 20:48:30,0.24999966464369472,11.07354744493724,0.25,120,2,0
2025-03-12 20:48:35,0.24999961971548784,11.07355511802914,0.25,120,2,0
2025-03-12 20:48:40,0.24999958060921845,11.073562327126155,0.25,120,2,0
2025-03-12 20:48:45,0.24999954693916518,11.073569085897555,0.25,120,2,0
2025-03-12 20:48:50,0.24999951833329248,11.073575408602526,0.25,120,2,0
2025-03-12 20:48:55,0.24999949443351238,11.073581309975063,0.25,120,2,0
2025-03-12 20:49:00,0.24999947489586338,11.073586805117762,0.25,120,2,0
2025-03-12 20:49:05,0.2499994593906136,11.073591909404053,0.25,120,2,0
2025-03-12 20:49:10,0.24999944760229478,11.073596638388546,0.25,120,2,0
2025-03-12 20:49:15,0.24999943922967355,11.073601007725053,0.25,120,2,0
2025-03-12 20:49:20,0.24999943398566615,11.073605033091942,0.25,120,2,0
2025-03-12 20:49:25,0.24999943159720203,11.073608730124423,0.25,120,2,0
2025-03-12 20:49:30,0.24999943180504194,11.073612114353383,0.25,120,2,0
2025-03-12 20:49:35,0.2499994343635554,11.073615201150435,0.25,120,2,0
2025-03-12 20:49:40,0.24999943904046248,11.07361800567881,0.25,120,2,0
2025-03-12 20:49:45,0.24999944561654408,11.073620542849753,0.25,120,2,0
2025-03-12 20:49:50,0.2499994538853252,11.073622827284066,0.25,120,2,0
2025-03-12 20:49:55,0.24999946365273482,11.073624873278504,0.25,120,2,0
2025-03-12 20:50:00,0.24999947473674602,11.073626694776683,0.25,120,2,0
2025-03-12 20:50:05,0.24999948696700003,11.073628305344204,0.25,120,2,0
2025-03-12 20:50:10,0.24999950018441677,11.073629718147693,0.25,120,2,0
2025-03-12 20:50:15,0.24999951424079525,11.073630945937506,0.25,120,2,0
2025-03-12 20:50:20,0.2499995289984061,11.073632001033765,0.25,120,2,0
2025-03-12 20:50:25,0.24999954432957905,11.073632895315537,0.25,120,2,0
2025-03-12 20:50:30,0.2499995601162871,11.073633640212847,0.25,120,2,0
2025-03-12 20:50:35,0.24999957624972982,11.07363424670134,0.25,120,2,0
2025-03-12 20:50:40,0.24999959262991736,11.073634725299334,0.25,120,2,0
2025-03-12 20:50:45,0.249999609165257,11.073635086067036,0.25,120,2,0
2025-03-12 20:50:50,0.24999962577214355,11.073635338607787,0.25,120,2,0
2025-03-12 20:50:55,0.2499996423745552,11.073635492071059,0.25,120,2,0
2025-03-12 20:51:00,0.24999965890365558,11.073635555157079,0.25,120,2,0
2025-03-12 20:51:05,0.24999967529740372,11.073635536122879,0.25,120,2,0
2025-03-12 20:51:10,0.249999691500172,11.073635442789652,0.25,120,2,0
2025-03-12 20:51:15,0.24999970746237385,11.073635282551187,0.25,120,2,0
2025-03-12 20:51:20,0.24999972314010083,11.073635062383344,0.25,120,2,0
2025-03-12 20:51:25,0.24999973849477067,11.073634788854342,0.25,120,2,0
2025-03-12 20:51:30,0.24999975349278605,11.07363446813578,0.25,120,2,0
2025-03-12 20:51:35,0.24999976810520483,11.073634106014296,0.25,120,2,0
2025-03-12 20:51:40,0.24999978230742187,11.073633707903719,0.25,120,2,0
2025-03-12 20:51:45,0.24999979607886283,11.07363327885763,0.25,120,2,0
2025-03-12 20:51:50,0.24999980940269004,11.073632823582223,0.25,120,2,0
2025-03-12 20:51:55,0.24999982226552042,11.073632346449454,0.25,120,2,0
2025-03-12 20:52:00,0.24999983465715564,11.073631851510294,0.25,120,2,0
2025-03-12 20:52:05,0.24999984657032442,11.073631342508094,0.25,120,2,0
2025-03-12 20:52:10,0.24999985800043695,11.07363082289197,0.25,120,2,0
2025-03-12 20:52:15,0.2499998689453512,11.073630295830153,0.25,120,2,0
2025-03-12 20:52:20,0.24999987940515117,11.073629764223249,0.25,120,2,0
2025-03-12 20:52:25,0.24999988938193654,11.073629230717383,0.25,120,2,0
2025-03-12 20:52:30,0.24999989887962407,11.073628697717137,0.25,120,2,0
2025-03-12 20:52:35,0.24999990790375978,11.07362816739829,0.25,120,2,0
2025-03-12 20:52:40,0.24999991646134237,11.073627641720327,0.25,120,2,0
2025-03-12 20:52:45,0.24999992456065698,11.073627122438632,0.25,120,2,0
2025-03-12 20:52:50,0.24999993221111938,11.073626611116428,0.25,120,2,0
2025-03-12 20:52:55,0.2499999394231301,11.073626109136361,0.25,120,2,0
2025-03-12 20:53:00,0.24999994620793817,11.073625617711762,0.25,120,2,0
2025-03-12 20:53:05,0.24999995257751428,11.073625137897544,0.25,120,2,0
2025-03-12 20:53:10,0.2499999585444328,11.073624670600726,0.25,120,2,0
2025-03-12 20:53:15,0.2499999641217623,11.07362421659061,0.25,120,2,0
2025-03-12 20:53:20,0.24999996932296462,11.073623776508546,0.25,120,2,0
2025-03-12 20:53:25,0.24999997416180142,11.07362335087732,0.25,120,2,0
2025-03-12 20:53:30,0.24999997865224874,11.07362294011015,0.25,120,2,0
2025-03-12 20:53:35,0.24999998280841834,11.073622544519287,0.25,120,2,0
2025-03-12 20:53:40,0.24999998664448608,11.073622164324242,0.25,120,2,0
2025-03-12 20:53:45,0.2499999901746267,11.073621799659609,0.25,120,2,0
2025-03-12 20:53:50,0.2499999934129549,11.073621450582495,0.25,120,2,0
2025-03-12 20:53:55,0.249999996373472,11.073621117079611,0.25,120,2,0
2025-03-12 20:54:00,0.2499999990700183,11.073620799073945,0.25,120,2,0
2025-03-12 20:54:05,0.2500000015162305,11.0736204964311,0.25,120,2,0
2025-03-12 20:54:10,0.2500000037255039,11.073620208965266,0.25,120,2,0
2025-03-12 20:54:15,0.25000000571095954,11.073619936444834,0.25,120,2,0
2025-03-12 20:54:20,0.25000000748541507,11.07361967859768,0.25,120,2,0
2025-03-12 20:54:25,0.25000000906136,11.073619435116129,0.25,120,2,0
2025-03-12 20:54:30,0.2500000104509345,11.07361920566158,0.25,120,2,0
2025-03-12 20:54:35,0.25000001166591174,11.07361898986884,0.25,120,2,0
2025-03-12 20:54:40,0.25000001271768324,11.07361878735016,0.25,120,2,0
2025-03-12 20:54:45,0.25000001361724755,11.073618597698959,0.25,120,2,0
2025-03-12 20:54:50,0.25000001437520114,11.073618420493322,0.25,120,2,0
2025-03-12 20:54:55,0.25000001500173236,11.07361825529918,0.25,120,2,0
2025-03-12 20:55:00,0.25000001550661727,11.073618101673288,0.25,120,2,0
2025-03-12 20:55:05,0.2500000158992178,11.073617959165919,0.25,120,2,0
2025-03-12 20:55:10,0.2500000161884816,11.07361782732337,0.25,120,2,0
2025-03-12 20:55:15,0.250000016382944,11.073617705690218,0.25,120,2,0
2025-03-12 20:55:20,0.250000016490731,11.073617593811393,0.25,120,2,0
2025-03-12 20:55:25,0.2500000165195642,11.073617491234021,0.25,120,2,0
2025-03-12 20:55:30,0.2500000164767666,11.073617397509134,0.25,120,2,0
2025-03-12 20:55:35,0.25000001636926966,11.073617312193152,0.25,120,2,0
2025-03-12 20:55:40,0.2500000162036212,11.073617234849237,0.25,120,2,0
2025-03-12 20:55:45,0.2500000159859945,11.07361716504848,0.25,120,2,0
2025-03-12 20:55:50,0.25000001572219743,11.073617102370939,0.25,120,2,0
2025-03-12 20:55:55,0.25000001541768324,11.073617046406543,0.25,120,2,0
2025-03-12 20:56:00,0.25000001507756076,11.073616996755876,0.25,120,2,0
2025-03-12 20:56:05,0.2500000147066057,11.073616953030848,0.25,120,2,0
2025-03-12 20:56:10,0.2500000143092723,11.073616914855219,0.25,120,2,0
2025-03-12 20:56:15,0.2500000138897049,11.073616881865084,0.25,120,2,0
2025-03-12 20:56:20,0.2500000134517497,11.073616853709206,0.25,120,2,0
2025-03-12 20:56:25,0.25000001299896724,11.0736168300493,0.25,120,2,0
2025-03-12 20:56:30,0.25000001253464416,11.073616810560205,0.25,120,2,0
2025-03-12 20:56:35,0.25000001206180533,11.07361679493003,0.25,120,2,0
2025-03-12 20:56:40,0.2500000115832261,11.073616782860181,0.25,120,2,0
2025-03-12 20:56:45,0.25000001110144404,11.073616774065364,0.25,120,2,0
2025-03-12 20:56:50,0.2500000106187709,11.073616768273515,0.25,120,2,0
2025-03-12 20:56:55,0.2500000101373042,11.073616765225694,0.25,120,2,0
2025-03-12 20:57:00,0.2500000096589387,11.073616764675924,0.25,120,2,0
2025-03-12 20:57:05,0.2500000091853775,11.073616766391002,0.25,120,2,0
2025-03-12 20:57:10,0.25000000871814326,11.073616770150252,0.25,120,2,0
2025-03-12 20:57:15,0.2500000082585886,11.073616775745283,0.25,120,2,0
2025-03-12 20:57:20,0.25000000780790654,11.073616782979688,0.25,120,2,0
2025-03-12 20:57:25,0.25000000736714073,11.07361679166874,0.25,120,2,0
2025-03-12 20:57:30,0.250000006937195,11.07361680163906,0.25,120,2,0
2025-03-12 20:57:35,0.25000000651884285,11.073616812728257,0.25,120,2,0
2025-03-12 20:57:40,0.25000000611273654,11.073616824784597,0.25,120,2,0
2025-03-12 20:57:45,0.25000000571941566,11.073616837666608,0.25,120,2,0
2025-03-12 20:57:50,0.25000000533931566,11.073616851242715,0.25,120,2,0
2025-03-12 20:57:55,0.25000000497277575,11.073616865390848,0.25,120,2,0
2025-03-12 20:58:00,0.2500000046200467,11.073616879998056,0.25,120,2,0
2025-03-12 20:58:05,0.2500000042812978,11.073616894960134,0.25,120,2,0
2025-03-12 20:58:10,0.25000000395662436,11.073616910181203,0.25,120,2,0
2025-03-12 20:58:15,0.25000000364605374,11.073616925573354,0.25,120,2,0
2025-03-12 20:58:20,0.25000000334955197,11.073616941056255,0.25,120,2,0
2025-03-12 20:58:25,0.25000000306702963,11.073616956556759,0.25,120,2,0
2025-03-12 20:58:30,0.25000000279834744,11.073616972008534,0.25,120,2,0
2025-03-12 20:58:35,0.2500000025433214,11.073616987351734,0.25,120,2,0
2025-03-12 20:58:40,0.250000002301728,11.073617002532576,0.25,120,2,0
2025-03-12 20:58:45,0.25000000207330864,11.073617017503043,0.25,120,2,0
2025-03-12 20:58:50,0.2500000018577743,11.073617032220517,0.25,120,2,0
2025-03-12 20:58:55,0.2500000016548094,11.07361704664745,0.25,120,2,0
2025-03-12 20:59:00,0.2500000014640756,11.073617060751054,0.25,120,2,0
2025-03-12 20:59:05,0.25000000128521543,11.07361707450298,0.25,120,2,0
2025-03-12 20:59:10,0.25000000111785575,11.073617087879008,0.25,120,2,0
2025-03-12 20:59:15,0.2500000009616105,11.073617100858772,0.25,120,2,0
2025-03-12 20:59:20,0.25000000081608365,11.073617113425495,0.25,120,2,0
2025-03-12 20:59:25,0.2500000006808718,11.073617125565686,0.25,120,2,0
2025-03-12 20:59:30,0.2500000005555666,11.073617137268911,0.25,120,2,0
2025-03-12 20:59:35,0.2500000004397568,11.073617148527546,0.25,120,2,0
2025-03-12 20:59:40,0.2500000003330303,11.07361715933654,0.25,120,2,0
2025-03-12 20:59:45,0.2500000002349761,11.07361716969319,0.25,120,2,0
2025-03-12 20:59:50,0.2500000001451856,11.073617179596939,0.25,120,2,0
2025-03-12 20:59:55,0.25000000006325435,11.07361718904916,0.25,120,2,0
2025-03-12 21:00:00,0.2499999999887832,11.073617198053,0.25,120,2,0
2025-03-12 21:00:05,0.2499999999213795,11.073617206613166,0.25,120,2,0
2025-03-12 21:00:10,0.24999999986065818,11.073617214735775,0.25,120,2,0
2025-03-12 21:00:15,0.24999999980624257,11.073617222428194,0.25,120,2,0
2025-03-12 21:00:20,0.24999999975776518,11.073617229698888,0.25,120,2,0
2025-03-12 21:00:25,0.24999999971486844,11.07361723655729,0.25,120,2,0
2025-03-12 21:00:30,0.2499999996772052,11.073617243013647,0.25,120,2,0
2025-03-12 21:00:35,0.2499999996444392,11.073617249078932,0.25,120,2,0
2025-03-12 21:00:40,0.2499999996162454,11.073617254764718,0.25,120,2,0
2025-03-12 21:00:45,0.2499999995923104,11.073617260083054,0.25,120,2,0
2025-03-12 21:00:50,0.24999999957233254,11.073617265046401,0.25,120,2,0
2025-03-12 21:00:55,0.24999999955602212,11.073617269667519,0.25,120,2,0
2025-03-12 21:01:00,0.24999999954310143,11.073617273959394,0.25,120,2,0
2025-03-12 21:01:05,0.24999999953330482,11.07361727793516,0.25,120,2,0
2025-03-12 21:01:10,0.2499999995263786,11.073617281608033,0.25,120,2,0
2025-03-12 21:01:15,0.24999999952208113,11.073617284991244,0.25,120,2,0
2025-03-12 21:01:20,0.24999999952018245,11.07361728809799,0.25,120,2,0
2025-03-12 21:01:25,0.24999999952046437,11.073617290941375,0.25,120,2,0
2025-03-12 21:01:30,0.24999999952272012,11.073617293534362,0.25,120,2,0
2025-03-12 21:01:35,0.24999999952675422,11.073617295889747,0.25,120,2,0
2025-03-12 21:01:40,0.2499999995323822,11.073617298020098,0.25,120,2,0
2025-03-12 21:01:45,0.2499999995394303,11.073617299937741,0.25,120,2,0
2025-03-12 21:01:50,0.24999999954773527,11.073617301654734,0.25,120,2,0
2025-03-12 21:01:55,0.24999999955714394,11.073617303182829,0.25,120,2,0
2025-03-12 21:02:00,0.24999999956751304,11.07361730453346,0.25,120,2,0
2025-03-12 21:02:05,0.24999999957870875,11.073617305717722,0.25,120,2,0
2025-03-12 21:02:10,0.24999999959060643,11.073617306746362,0.25,120,2,0
2025-03-12 21:02:15,0.2499999996030903,11.073617307629757,0.25,120,2,0
2025-03-12 21:02:20,0.24999999961605301,11.073617308377912,0.25,120,2,0
2025-03-12 21:02:25,0.24999999962939534,11.073617309000461,0.25,120,2,0
2025-03-12 21:02:30,0.24999999964302583,11.073617309506648,0.25,120,2,0
2025-03-12 21:02:35,0.24999999965686046,11.073617309905329,0.25,120,2,0
2025-03-12 21:02:40,0.2499999996708223,11.073617310204975,0.25,120,2,0
2025-03-12 21:02:45,0.24999999968484107,11.073617310413676,0.25,120,2,0
2025-03-12 21:02:50,0.24999999969885295,11.073617310539133,0.25,120,2,0
2025-03-12 21:02:55,0.24999999971280015,11.07361731058867,0.25,120,2,0
2025-03-12 21:03:00,0.24999999972663056,11.073617310569237,0.25,120,2,0
2025-03-12 21:03:05,0.24999999974029752,11.073617310487418,0.25,120,2,0
2025-03-12 21:03:10,0.2499999997537594,11.073617310349436,0.25,120,2,0
2025-03-12 21:03:15,0.24999999976697937,11.073617310161161,0.25,120,2,0
2025-03-12 21:03:20,0.24999999977992513,11.07361730992812,0.25,120,2,0
2025-03-12 21:03:25,0.24999999979256848,11.073617309655507,0.25,120,2,0
2025-03-12 21:03:30,0.24999999980488524,11.073617309348183,0.25,120,2,0
2025-03-12 21:03:35,0.24999999981685478,11.073617309010709,0.25,120,2,0
2025-03-12 21:03:40,0.2499999998284599,11.073617308647334,0.25,120,2,0
2025-03-12 21:03:45,0.24999999983968657,11.073617308262016,0.25,120,2,0
2025-03-12 21:03:50,0.24999999985052362,11.073617307858425,0.25,120,2,0
2025-03-12 21:03:55,0.24999999986096258,11.073617307439976,0.25,120,2,0
2025-03-12 21:04:00,0.2499999998709974,11.073617307009812,0.25,120,2,0
2025-03-12 21:04:05,0.24999999988062435,11.073617306570833,0.25,120,2,0
2025-03-12 21:04:10,0.24999999988984173,11.073617306125698,0.25,120,2,0
2025-03-12 21:04:15,0.24999999989864968,11.073617305676846,0.25,120,2,0
2025-03-12 21:04:20,0.24999999990705005,11.073617305226502,0.25,120,2,0
2025-03-12 21:04:25,0.24999999991504623,11.07361730477668,0.25,120,2,0
2025-03-12 21:04:30,0.249999999922643,11.073617304329213,0.25,120,2,0
2025-03-12 21:04:35,0.24999999992984626,11.073617303885745,0.25,120,2,0
2025-03-12 21:04:40,0.2499999999366631,11.073617303447744,0.25,120,2,0
2025-03-12 21:04:45,0.24999999994310151,11.073617303016524,0.25,120,2,0
2025-03-12 21:04:50,0.2499999999491703,11.073617302593247,0.25,120,2,0
2025-03-12 21:04:55,0.249999999954879,11.07361730217893,0.25,120,2,0
2025-03-12 21:05:00,0.24999999996023775,11.073617301774455,0.25,120,2,0
2025-03-12 21:05:05,0.24999999996525718,11.07361730138058,0.25,120,2,0
2025-03-12 21:05:10,0.24999999996994834,11.07361730099795,0.25,120,2,0
2025-03-12 21:05:15,0.24999999997432262,11.0736173006271,0.25,120,2,0
2025-03-12 21:05:20,0.24999999997839162,11.07361730026847,0.25,120,2,0
2025-03-12 21:05:25,0.24999999998216715,11.073617299922404,0.25,120,2,0
2025-03-12 21:05:30,0.24999999998566116,11.073617299589158,0.25,120,2,0
2025-03-12 21:05:35,0.24999999998888559,11.073617299268912,0.25,120,2,0
2025-03-12 21:05:40,0.2499999999918524,11.073617298961778,0.25,120,2,0
2025-03-12 21:05:45,0.2499999999945735,11.073617298667806,0.25,120,2,0
2025-03-12 21:05:50,0.2499999999970607,11.073617298386978,0.25,120,2,0
2025-03-12 21:05:55,0.2499999999993257,11.073617298119224,0.25,120,2,0
2025-03-12 21:06:00,0.25000000000138,11.073617297864427,0.25,120,2,0
2025-03-12 21:06:05,0.25000000000323486,11.073617297622437,0.25,120,2,0
2025-03-12 21:06:10,0.25000000000490136,11.07361729739305,0.25,120,2,0
2025-03-12 21:06:15,0.25000000000639033,11.073617297176028,0.25,120,2,0
2025-03-12 21:06:20,0.2500000000077123,11.073617296971122,0.25,120,2,0
2025-03-12 21:06:25,0.2500000000088774,11.073617296778043,0.25,120,2,0
2025-03-12 21:06:30,0.25000000000989564,11.07361729659648,0.25,120,2,0
2025-03-12 21:06:35,0.2500000000107766,11.073617296426104,0.25,120,2,0
2025-03-12 21:06:40,0.25000000001152956,11.073617296266573,0.25,120,2,0
2025-03-12 21:06:45,0.25000000001216344,11.073617296117526,0.25,120,2,0
2025-03-12 21:06:50,0.25000000001268685,11.073617295978597,0.25,120,2,0
2025-03-12 21:06:55,0.25000000001310796,11.073617295849417,0.25,120,2,0
2025-03-12 21:07:00,0.2500000000134347,11.073617295729598,0.25,120,2,0
2025-03-12 21:07:05,0.2500000000136746,11.07361729561876,0.25,120,2,0
2025-03-12 21:07:10,0.2500000000138348,11.073617295516527,0.25,120,2,0
2025-03-12 21:07:15,0.25000000001392225,11.073617295422503,0.25,120,2,0
2025-03-12 21:07:20,0.25000000001394335,11.07361729533631,0.25,120,2,0
2025-03-12 21:07:25,0.25000000001390427,11.073617295257575,0.25,120,2,0
2025-03-12 21:07:30,0.2500000000138109,11.073617295185915,0.25,120,2,0
2025-03-12 21:07:35,0.25000000001366873,11.073617295120961,0.25,120,2,0
2025-03-12 21:07:40,0.25000000001348294,11.07361729506236,0.25,120,2,0
2025-03-12 21:07:45,0.2500000000132584,11.073617295009758,0.25,120,2,0
2025-03-12 21:07:50,0.2500000000129997,11.073617294962801,0.25,120,2,0
2025-03-12 21:07:55,0.2500000000127112,11.073617294921151,0.25,120,2,0
2025-03-12 21:08:00,0.25000000001239686,11.073617294884496,0.25,120,2,0
2025-03-12 21:08:05,0.25000000001206046,11.0736172948525,0.25,120,2,0
2025-03-12 21:08:10,0.25000000001170547,11.073617294824867,0.25,120,2,0
2025-03-12 21:08:15,0.2500000000113351,11.073617294801302,0.25,120,2,0
2025-03-12 21:08:20,0.25000000001095235,11.073617294781517,0.25,120,2,0
2025-03-12 21:08:25,0.25000000001056,11.07361729476524,0.25,120,2,0
2025-03-12 21:08:30,0.2500000000101606,11.073617294752205,0.25,120,2,0
2025-03-12 21:08:35,0.2500000000097564,11.073617294742169,0.25,120,2,0
2025-03-12 21:08:40,0.2500000000093497,11.073617294734877,0.25,120,2,0
2025-03-12 21:08:45,0.2500000000089423,11.073617294730113,0.25,120,2,0
2025-03-12 21:08:50,0.250000000008536,11.07361729472765,0.25,120,2,0
2025-03-12 21:08:55,0.2500000000081324,11.07361729472729,0.25,120,2,0
2025-03-12 21:09:00,0.2500000000077329,11.073617294728827,0.25,120,2,0
2025-03-12 21:09:05,0.25000000000733885,11.073617294732083,0.25,120,2,0
2025-03-12 21:09:10,0.25000000000695133,11.073617294736877,0.25,120,2,0
2025-03-12 21:09:15,0.2500000000065713,11.073617294743052,0.25,120,2,0
2025-03-12 21:09:20,0.2500000000061997,11.073617294750445,0.25,120,2,0
2025-03-12 21:09:25,0.2500000000058373,11.073617294758915,0.25,120,2,0
2025-03-12 21:09:30,0.25000000000548467,11.073617294768319,0.25,120,2,0
2025-03-12 21:09:35,0.25000000000514244,11.07361729477853,0.25,120,2,0
2025-03-12 21:09:40,0.250000000004811,11.07361729478944,0.25,120,2,0
2025-03-12 21:09:45,0.25000000000449074,11.073617294800922,0.25,120,2,0
2025-03-12 21:09:50,0.25000000000418193,11.07361729481289,0.25,120,2,0
2025-03-12 21:09:55,0.2500000000038848,11.07361729482524,0.25,120,2,0
2025-03-12 21:10:00,0.25000000000359945,11.07361729483788,0.25,120,2,0
2025-03-12 21:10:05,0.250000000003326,11.07361729485074,0.25,120,2,0
2025-03-12 21:10:10,0.25000000000306444,11.073617294863741,0.25,120,2,0
2025-03-12 21:10:15,0.25000000000281475,11.073617294876815,0.25,120,2,0
2025-03-12 21:10:20,0.2500000000025769,11.073617294889898,0.25,120,2,0
2025-03-12 21:10:25,0.2500000000023507,11.073617294902938,0.25,120,2,0
2025-03-12 21:10:30,0.250000000002136,11.073617294915884,0.25,120,2,0
2025-03-12 21:10:35,0.2500000000019327,11.073617294928688,0.25,120,2,0
2025-03-12 21:10:40,0.25000000000174044,11.073617294941313,0.25,120,2,0
2025-03-12 21:10:45,0.2500000000015591,11.07361729495372,0.25,120,2,0
2025-03-12 21:10:50,0.2500000000013883,11.073617294965887,0.25,120,2,0
2025-03-12 21:10:55,0.2500000000012278,11.07361729497778,0.25,120,2,0
2025-03-12 21:11:00,0.2500000000010773,11.073617294989374,0.25,120,2,0
2025-03-12 21:11:05,0.25000000000093653,11.073617295000648,0.25,120,2,0
2025-03-12 21:11:10,0.25000000000080513,11.073617295011585,0.25,120,2,0
2025-03-12 21:11:15,0.25000000000068273,11.073617295022176,0.25,120,2,0
2025-03-12 21:11:20,0.25000000000056904,11.073617295032404,0.25,120,2,0
2025-03-12 21:11:25,0.2500000000004637,11.073617295042265,0.25,120,2,0
2025-03-12 21:11:30,0.2500000000003663,11.07361729505175,0.25,120,2,0
2025-03-12 21:11:35,0.2500000000002766,11.073617295060856,0.25,120,2,0
2025-03-12 21:11:40,0.25000000000019423,11.073617295069575,0.25,120,2,0
2025-03-12 21:11:45,0.2500000000001188,11.073617295077915,0.25,120,2,0
2025-03-12 21:11:50,0.25000000000004996,11.073617295085874,0.25,120,2,0
2025-03-12 21:11:55,0.24999999999998743,11.073617295093454,0.25,120,2,0
2025-03-12 21:12:00,0.24999999999993083,11.07361729510066,0.25,120,2,0
2025-03-12 21:12:05,0.24999999999987987,11.073617295107496,0.25,120,2,0
2025-03-12 21:12:10,0.24999999999983422,11.07361729511397,0.25,120,2,0
2025-03-12 21:12:15,0.24999999999979355,11.073617295120087,0.25,120,2,0
2025-03-12 21:12:20,0.24999999999975758,11.073617295125858,0.25,120,2,0
2025-03-12 21:12:25,0.249999999999726,11.073617295131292,0.25,120,2,0
2025-03-12 21:12:30,0.24999999999969855,11.073617295136394,0.25,120,2,0
2025-03-12 21:12:35,0.24999999999967493,11.07361729514118,0.25,120,2,0
2025-03-12 21:12:40,0.24999999999965491,11.07361729514565,0.25,120,2,0
2025-03-12 21:12:45,0.2499999999996382,11.073617295149827,0.25,120,2,0
2025-03-12 21:12:50,0.24999999999962458,11.073617295153714,0.25,120,2,0
2025-03-12 21:12:55,0.2499999999996138,11.073617295157323,0.25,120,2,0
2025-03-12 21:13:00,0.24999999999960568,11.073617295160664,0.25,120,2,0
2025-03-12 21:13:05,0.24999999999959996,11.07361729516375,0.25,120,2,0
2025-03-12 21:13:10,0.24999999999959643,11.073617295166596,0.25,120,2,0
2025-03-12 21:13:15,0.24999999999959494,11.073617295169205,0.25,120,2,0
2025-03-12 21:13:20,0.24999999999959527,11.073617295171593,0.25,120,2,0
2025-03-12 21:13:25,0.24999999999959727,11.073617295173769,0.25,120,2,0
2025-03-12 21:13:30,0.24999999999960074,11.07361729517575,0.25,120,2,0
2025-03-12 21:13:35,0.24999999999960554,11.073617295177538,0.25,120,2,0
2025-03-12 21:13:40,0.24999999999961153,11.073617295179151,0.25,120,2,0
2025-03-12 21:13:45,0.24999999999961858,11.073617295180592,0.25,120,2,0
2025-03-12 21:13:50,0.24999999999962658,11.073617295181872,0.25,120,2,0
2025-03-12 21:13:55,0.24999999999963538,11.073617295183006,0.25,120,2,0
2025-03-12 21:14:00,0.24999999999964487,11.073617295183999,0.25,120,2,0
2025-03-12 21:14:05,0.24999999999965494,11.07361729518486,0.25,120,2,0
2025-03-12 21:14:10,0.24999999999966552,11.073617295185597,0.25,120,2,0
2025-03-12 21:14:15,0.24999999999967648,11.073617295186223,0.25,120,2,0
2025-03-12 21:14:20,0.24999999999968775,11.073617295186745,0.25,120,2,0
2025-03-12 21:14:25,0.24999999999969927,11.073617295187166,0.25,120,2,0
2025-03-12 21:14:30,0.24999999999971095,11.073617295187496,0.25,120,2,0
2025-03-12 21:14:35,0.24999999999972275,11.073617295187745,0.25,120,2,0
2025-03-12 21:14:40,0.24999999999973457,11.073617295187919,0.25,120,2,0
2025-03-12 21:14:45,0.2499999999997464,11.073617295188022,0.25,120,2,0
2025-03-12 21:14:50,0.24999999999975817,11.073617295188061,0.25,120,2,0
2025-03-12 21:14:55,0.24999999999976982,11.073617295188042,0.25,120,2,0
2025-03-12 21:15:00,0.24999999999978134,11.07361729518797,0.25,120,2,0
2025-03-12 21:15:05,0.2499999999997927,11.073617295187853,0.25,120,2,0
2025-03-12 21:15:10,0.24999999999980385,11.073617295187693,0.25,120,2,0
2025-03-12 21:15:15,0.24999999999981476,11.073617295187494,0.25,120,2,0
2025-03-12 21:15:20,0.24999999999982542,11.073617295187264,0.25,120,2,0
2025-03-12 21:15:25,0.2499999999998358,11.073617295187002,0.25,120,2,0
2025-03-12 21:15:30,0.2499999999998459,11.073617295186715,0.25,120,2,0
2025-03-12 21:15:35,0.24999999999985567,11.073617295186407,0.25,120,2,0
2025-03-12 21:15:40,0.24999999999986514,11.073617295186082,0.25,120,2,0
2025-03-12 21:15:45,0.24999999999987427,11.073617295185741,0.25,120,2,0
2025-03-12 21:15:50,0.24999999999988307,11.073617295185384,0.25,120,2,0
2025-03-12 21:15:55,0.24999999999989153,11.07361729518502,0.25,120,2,0
2025-03-12 21:16:00,0.24999999999989964,11.07361729518465,0.25,120,2,0
2025-03-12 21:16:05,0.2499999999999074,11.073617295184276,0.25,120,2,0
2025-03-12 21:16:10,0.24999999999991482,11.073617295183896,0.25,120,2,0
2025-03-12 21:16:15,0.2499999999999219,11.073617295183515,0.25,120,2,0
2025-03-12 21:16:20,0.24999999999992864,11.073617295183135,0.25,120,2,0
2025-03-12 21:16:25,0.24999999999993502,11.073617295182757,0.25,120,2,0
2025-03-12 21:16:30,0.24999999999994107,11.073617295182386,0.25,120,2,0
2025-03-12 21:16:35,0.24999999999994682,11.073617295182014,0.25,120,2,0
2025-03-12 21:16:40,0.24999999999995223,11.073617295181652,0.25,120,2,0
2025-03-12 21:16:45,0.24999999999995734,11.073617295181295,0.25,120,2,0
2025-03-12 21:16:50,0.24999999999996214,11.073617295180945,0.25,120,2,0
2025-03-12 21:16:55,0.24999999999996664,11.073617295180606,0.25,120,2,0
2025-03-12 21:17:00,0.24999999999997086,11.073617295180275,0.25,120,2,0
2025-03-12 21:17:05,0.2499999999999748,11.073617295179954,0.25,120,2,0
2025-03-12 21:17:10,0.2499999999999785,11.073617295179638,0.25,120,2,0
2025-03-12 21:17:15,0.2499999999999819,11.073617295179336,0.25,120,2,0
2025-03-12 21:17:20,0.24999999999998507,11.073617295179048,0.25,120,2,0
2025-03-12 21:17:25,0.249999999999988,11.073617295178765,0.25,120,2,0
2025-03-12 21:17:30,0.24999999999999073,11.073617295178494,0.25,120,2,0
2025-03-12 21:17:35,0.24999999999999323,11.073617295178234,0.25,120,2,0
2025-03-12 21:17:40,0.2499999999999955,11.07361729517799,0.25,120,2,0
2025-03-12 21:17:45,0.24999999999999759,11.073617295177753,0.25,120,2,0
2025-03-12 21:17:50,0.2499999999999995,11.073617295177527,0.25,120,2,0
2025-03-12 21:17:55,0.2500000000000012,11.073617295177314,0.25,120,2,0
2025-03-12 21:18:00,0.2500000000000028,11.073617295177112,0.25,120,2,0
2025-03-12 21:18:05,0.25000000000000416,11.07361729517692,0.25,120,2,0
2025-03-12 21:18:10,0.25000000000000544,11.073617295176732,0.25,120,2,0
2025-03-12 21:18:15,0.25000000000000655,11.073617295176561,0.25,120,2,0
2025-03-12 21:18:20,0.25000000000000755,11.073617295176394,0.25,120,2,0
2025-03-12 21:18:25,0.2500000000000084,11.073617295176245,0.25,120,2,0
2025-03-12 21:18:30,0.2500000000000091,11.073617295176103,0.25,120,2,0
2025-03-12 21:18:35,0.2500000000000097,11.073617295175971,0.25,120,2,0
2025-03-12 21:18:40,0.25000000000001027,11.073617295175843,0.25,120,2,0
2025-03-12 21:18:45,0.2500000000000107,11.073617295175724,0.25,120,2,0
2025-03-12 21:18:50,0.25000000000001105,11.07361729517562,0.25,120,2,0
2025-03-12 21:18:55,0.2500000000000113,11.073617295175517,0.25,120,2,0
2025-03-12 21:19:00,0.25000000000001155,11.07361729517542,0.25,120,2,0
2025-03-12 21:19:05,0.25000000000001166,11.073617295175335,0.25,120,2,0
2025-03-12 21:19:10,0.2500000000000117,11.07361729517526,0.25,120,2,0
2025-03-12 21:19:15,0.2500000000000117,11.073617295175191,0.25,120,2,0
2025-03-12 21:19:20,0.25000000000001166,11.073617295175126,0.25,120,2,0
2025-03-12 21:19:25,0.2500000000000116,11.073617295175064,0.25,120,2,0
2025-03-12 21:19:30,0.2500000000000115,11.073617295175008,0.25,120,2,0
2025-03-12 21:19:35,0.2500000000000113,11.07361729517496,0.25,120,2,0
2025-03-12 21:19:40,0.25000000000001116,11.073617295174914,0.25,120,2,0
2025-03-12 21:19:45,0.25000000000001094,11.073617295174875,0.25,120,2,0
2025-03-12 21:19:50,0.2500000000000107,11.073617295174836,0.25,120,2,0
2025-03-12 21:19:55,0.25000000000001044,11.073617295174808,0.25,120,2,0
2025-03-12 21:20:00,0.25000000000001016,11.07361729517478,0.25,120,2,0
2025-03-12 21:20:05,0.2500000000000099,11.073617295174753,0.25,120,2,0
2025-03-12 21:20:10,0.25000000000000955,11.073617295174737,0.25,120,2,0
2025-03-12 21:20:15,0.2500000000000092,11.07361729517472,0.25,120,2,0
2025-03-12 21:20:20,0.2500000000000089,11.073617295174708,0.25,120,2,0
2025-03-12 21:20:25,0.25000000000000855,11.073617295174696,0.25,120,2,0
2025-03-12 21:20:30,0.2500000000000082,11.073617295174685,0.25,120,2,0
2025-03-12 21:20:35,0.2500000000000079,11.073617295174678,0.25,120,2,0
2025-03-12 21:20:40,0.25000000000000755,11.073617295174675,0.25,120,2,0
2025-03-12 21:20:45,0.2500000000000072,11.073617295174671,0.25,120,2,0
2025-03-12 21:20:50,0.2500000000000069,11.07361729517467,0.25,120,2,0
2025-03-12 21:20:55,0.25000000000000655,11.073617295174671,0.25,120,2,0
2025-03-12 21:21:00,0.2500000000000062,11.073617295174673,0.25,120,2,0
2025-03-12 21:21:05,0.2500000000000059,11.073617295174678,0.25,120,2,0
2025-03-12 21:21:10,0.25000000000000555,11.073617295174683,0.25,120,2,0
2025-03-12 21:21:15,0.2500000000000052,11.073617295174692,0.25,120,2,0
2025-03-12 21:21:20,0.2500000000000049,11.073617295174703,0.25,120,2,0
2025-03-12 21:21:25,0.2500000000000046,11.073617295174708,0.25,120,2,0
2025-03-12 21:21:30,0.25000000000000433,11.073617295174714,0.25,120,2,0
2025-03-12 21:21:35,0.25000000000000405,11.073617295174722,0.25,120,2,0
2025-03-12 21:21:40,0.2500000000000038,11.073617295174733,0.25,120,2,0
2025-03-12 21:21:45,0.2500000000000035,11.073617295174744,0.25,120,2,0
2025-03-12 21:21:50,0.2500000000000032,11.073617295174756,0.25,120,2,0
2025-03-12 21:21:55,0.250000000000003,11.073617295174767,0.25,120,2,0
2025-03-12 21:22:00,0.2500000000000028,11.073617295174774,0.25,120,2,0
2025-03-12 21:22:05,0.25000000000000255,11.073617295174788,0.25,120,2,0
2025-03-12 21:22:10,0.25000000000000233,11.073617295174802,0.25,120,2,0
2025-03-12 21:22:15,0.2500000000000021,11.073617295174813,0.25,120,2,0
2025-03-12 21:22:20,0.25000000000000194,11.073617295174822,0.25,120,2,0
2025-03-12 21:22:25,0.2500000000000018,11.073617295174833,0.25,120,2,0
2025-03-12 21:22:30,0.2500000000000016,11.073617295174842,0.25,120,2,0
2025-03-12 21:22:35,0.25000000000000144,11.073617295174856,0.25,120,2,0
2025-03-12 21:22:40,0.2500000000000013,11.073617295174866,0.25,120,2,0
2025-03-12 21:22:45,0.2500000000000011,11.073617295174879,0.25,120,2,0
2025-03-12 21:22:50,0.250000000000001,11.073617295174884,0.25,120,2,0
2025-03-12 21:22:55,0.2500000000000009,11.073617295174895,0.25,120,2,0
2025-03-12 21:23:00,0.2500000000000008,11.073617295174902,0.25,120,2,0
2025-03-12 21:23:05,0.25000000000000067,11.073617295174913,0.25,120,2,0
2025-03-12 21:23:10,0.25000000000000056,11.073617295174923,0.25,120,2,0
2025-03-12 21:23:15,0.25000000000000044,11.073617295174932,0.25,120,2,0
2025-03-12 21:23:20,0.25000000000000033,11.073617295174945,0.25,120,2,0
2025-03-12 21:23:25,0.2500000000000003,11.073617295174948,0.25,120,2,0
2025-03-12 21:23:30,0.2500000000000002,11.073617295174953,0.25,120,2,0
2025-03-12 21:23:35,0.25000000000000017,11.073617295174959,0.25,120,2,0
2025-03-12 21:23:40,0.2500000000000001,11.073617295174966,0.25,120,2,0
2025-03-12 21:23:45,0.25000000000000006,11.073617295174971,0.25,120,2,0
2025-03-12 21:23:50,0.25,11.073617295174978,0.25,120,2,0
2025-03-12 21:23:55,0.24999999999999994,11.073617295174985,0.25,120,2,0
2025-03-12 21:24:00,0.2499999999999999,11.07361729517499,0.25,120,2,0
2025-03-12 21:24:05,0.24999999999999986,11.073617295174994,0.25,120,2,0
2025-03-12 21:24:10,0.24999999999999983,11.073617295175,0.25,120,2,0
2025-03-12 21:24:15,0.2499999999999998,11.073617295175005,0.25,120,2,0
2025-03-12 21:24:20,0.24999999999999978,11.07361729517501,0.25,120,2,0
2025-03-12 21:24:25,0.24999999999999975,11.073617295175016,0.25,120,2,0
2025-03-12 21:24:30,0.24999999999999972,11.073617295175021,0.25,120,2,0
2025-03-12 21:24:35,0.2499999999999997,11.073617295175026,0.25,120,2,0
2025-03-12 21:24:40,0.2499999999999997,11.073617295175028,0.25,120,2,0
2025-03-12 21:24:45,0.2499999999999997,11.07361729517503,0.25,120,2,0
2025-03-12 21:24:50,0.2499999999999997,11.073617295175032,0.25,120,2,0
2025-03-12 21:24:55,0.2499999999999997,11.073617295175033,0.25,120,2,0
2025-03-12 21:25:00,0.2499999999999997,11.073617295175035,0.25,120,2,0
2025-03-12 21:25:05,0.2499999999999997,11.073617295175037,0.25,120,2,0
2025-03-12 21:25:10,0.2499999999999997,11.073617295175039,0.25,120,2,0
2025-03-12 21:25:15,0.2499999999999997,11.073617295175039,0.25,120,2,0
2025-03-12 21:25:20,0.2499999999999997,11.07361729517504,0.25,120,2,0
2025-03-12 21:25:25,0.2499999999999997,11.073617295175042,0.25,120,2,0
2025-03-12 21:25:30,0.2499999999999997,11.073617295175044,0.25,120,2,0
2025-03-12 21:25:35,0.2499999999999997,11.073617295175046,0.25,120,2,0
2025-03-12 21:25:40,0.2499999999999997,11.073617295175048,0.25,120,2,0
2025-03-12 21:25:45,0.2499999999999997,11.07361729517505,0.25,120,2,0
2025-03-12 21:25:50,0.2499999999999997,11.073617295175051,0.25,120,2,0
2025-03-12 21:25:55,0.2499999999999997,11.073617295175053,0.25,120,2,0
2025-03-12 21:26:00,0.2499999999999997,11.073617295175055,0.25,120,2,0
2025-03-12 21:26:05,0.2499999999999997,11.073617295175056,0.25,120,2,0
2025-03-12 21:26:10,0.2499999999999997,11.073617295175058,0.25,120,2,0
2025-03-12 21:26:15,0.2499999999999997,11.07361729517506,0.25,120,2,0
2025-03-12 21:26:20,0.2499999999999997,11.073617295175062,0.25,120,2,0
2025-03-12 21:26:25,0.2499999999999997,11.073617295175064,0.25,120,2,0
2025-03-12 21:26:30,0.2499999999999997,11.073617295175065,0.25,120,2,0
2025-03-12 21:26:35,0.2499999999999997,11.073617295175067,0.25,120,2,0
2025-03-12 21:26:40,0.2499999999999997,11.073617295175067,0.25,120,2,0
2025-03-12 21:26:45,0.24999999999999972,11.073617295175065,0.25,120,2,0
2025-03-12 21:26:50,0.24999999999999975,11.073617295175064,0.25,120,2,0
2025-03-12 21:26:55,0.24999999999999975,11.073617295175065,0.25,120,2,0
2025-03-12 21:27:00,0.24999999999999975,11.073617295175067,0.25,120,2,0
2025-03-12 21:27:05,0.24999999999999975,11.073617295175069,0.25,120,2,0
2025-03-12 21:27:10,0.24999999999999978,11.073617295175067,0.25,120,2,0
2025-03-12 21:27:15,0.24999999999999978,11.073617295175069,0.25,120,2,0
2025-03-12 21:27:20,0.24999999999999978,11.07361729517507,0.25,120,2,0
2025-03-12 21:27:25,0.24999999999999978,11.073617295175072,0.25,120,2,0
2025-03-12 21:27:30,0.2499999999999998,11.07361729517507,0.25,120,2,0
2025-03-12 21:27:35,0.24999999999999983,11.073617295175069,0.25,120,2,0
2025-03-12 21:27:40,0.24999999999999986,11.073617295175065,0.25,120,2,0
2025-03-12 21:27:45,0.24999999999999986,11.073617295175065,0.25,120,2,0
2025-03-12 21:27:50,0.24999999999999986,11.073617295175065,0.25,120,2,0
2025-03-12 21:27:55,0.24999999999999986,11.073617295175065,0.25,120,2,0
2025-03-12 21:28:00,0.24999999999999986,11.073617295175065,0.25,120,2,0
